PID,Paper,DOI,City/Region,Country,Region,Amplicon,Climate,Altitude,Latitude,Longitude,Substrate,Raw/RTE,Cultured,SOI,Repo,Number,Sequence URL,SeqPlat (Illumina and pacbio allowed),DataSize,#Samples,#Sources,Fprimer,Rprimer
1,The sources and transmission routes of microbial populations throughout a meat processing facility,https://doi.org/10.1038/s41522-020-0136-z,"Institute of Food Safety, Food Technology and Veterinary Public Health",Austria,Europe,V3-V4,,,,,Facility,Raw,N,Pork Processing Plant,NCBI,PRJEB37434,https://www.ncbi.nlm.nih.gov/sra?linkname=bioproject_sra_all&from_uid=629231,Illumina,2GB,186,,341f (5′-TCGTCGGCAGCGTCAGATGTGTATAAGAGACAG),785r (5′-GTCTCGTGGGCTCGGAGATGTGTATAAGAGACAG)
2,Assessment of Spoilage Bacterial Communities in Food Wrap and Modified Atmospheres-Packed Minced Pork Meat Samples by 16S rDNA Metagenetic Analysis,https://doi.org/10.3389/fmicb.2019.03074,University of Liege,Belgium,Europe,V1-V3,,,,,Pork,Raw,N,Ground pork,NCBI,PRJNA551357,https://www.ncbi.nlm.nih.gov/bioproject/?term=PRJNA551357,Illumina,77Mb,12,,(5′-GAGAGTTTGATYMTGGCTCAG-3′),(5′-ACCGCGGCTGCTGGCAC-3′)
3,A Comparison of 16S rRNA Profiles Through Slaughter in Australian Export Beef Abattoirs,doi: 10.3389/fmicb.2019.02747,Curtin,Austailia,Austrailia and the Pacific,V4,,,,,"Facility, Beef",Raw,N,Beef carcass,NCBI,PRJEB34187,https://www.ebi.ac.uk/ena/browser/view/PRJEB34187,Illumina,7GB,360,,,
4,Deciphering intra-species bacterial diversity of meat and seafood spoilage microbiota using gyrB amplicon sequencing: A comparative analysis with 16S rDNA V3-V4 amplicon sequencing,https://doi.org/10.1371/journal.pone.0204629,,France,Europe,V3-V4,,,,,"Beef, Poultry, Pork",Raw,N,"Ground beef burgers, poultry sausages, Pork sausages",NCBI,PRJNA459479,10.6084/m9.figshare.7083209,,1GB,20,,V3F (5’-ACGGRAGGCWGCAGT-3’,V4R (5’-TACCAGGGTATCTAATCCT-3’)
5,Ground beef microbiome changes with antimicrobial decontamination interventions and product storage,https://doi.org/10.1371/journal.pone.0217947,Colorado,USA,Canada and the United States,V4,,,,,Beef,Raw,N,Ground beef,"QIITA, ID 10937 and EBI ERP113446.",,.,Illumina,,SUBSAMPLED JUST RETAIL DISPLAY,,,
6,"Large-scale multivariate dataset on the characterization of microbiota diversity, microbial growth dynamics, metabolic spoilage volatilome and sensorial profiles of two industrially produced meat products subjected to changes in lactate concentration and packaging atmosphere",https://doi.org/10.1016/j.dib.2020.105453,"Lamballe (Pork), Sable-sur-Sarthe (Poultry)",France,Europe,V3-V4,,,"48.4667(pork), 47.8376(poultry)","""-2.5167 (pork), -0.3329 (poultry)""","Pork, Poultry",Raw,N,"Pork sausage, chicken sausage",NCBI,PRJNA522361  SAMN10970131 to SAMN10970566,https://www.ncbi.nlm.nih.gov/bioproject/PRJNA522361,Illumina,31GB?,1012?,,,
7,Microbiome-Informed Food Safety and Quality: Longitudinal Consistency and Cross-Sectional Distinctiveness of Retail Chicken Breast Microbiomes,DOI: 10.1128/mSystems.00589-20,"Griffin, Georgia",USA,Canada and the United States,V4?,,,,,Poultry,Raw,N,"Boneless, skinless chicken breast",NBCI,PRJNA612140,https://www.ncbi.nlm.nih.gov/bioproject/?term=PRJNA612140,Illumina,54GB,74,,,
8,Culture-dependent and culture-independent assessment of spoilage community growth on VP lamb meat from packaging to past end of shelf-life,https://doi.org/10.1016/j.fm.2017.06.015,Tasmania,Austrailia,Austrailia and the Pacific,V1-V3?,,,,,Lamb,Raw,N ,Bone-In Hind Shank,NCBI,PRJNA389130,https://www.ncbi.nlm.nih.gov/bioproject/?term=PRJNA389130,Illumina,5GB,74,,27F (5′- AGA GTT TGA TCM TGG CTC AG - 3′),519R (5′- GWA TTA CCG CGG CKG CT - 3′)
9,Microbiota encompassing putative spoilage bacteria in retail packaged broiler meat and commercial broiler abattoir,https://doi.org/10.1016/j.ijfoodmicro.2019.04.003,Copenhagen,Denmark,Europe,V1-V3,,,,,Poultry,Raw,N,Chicken Broilers,NCBI,PRJNA523688,https://www.ncbi.nlm.nih.gov/bioproject/523688,Illumina,1GB,46,,(27F 5′-AGAGTTTGATCCTGGCTCAG-3′,534R 5′-ATTACCGCGGCTGCTGG-3′)
10,Analyses of interactions and potential functions of microbiota in beef meat for maintaining food safety and quality,https://doi.org/10.3389/fmicb.2020.01657,Livestock Processing Center,Korea,East Asia,V1-V3,,,3 sites in paper,,Beef,Raw,N,"Ground beef, fresh beef",NCBI,PRJEB35021,,Illumina,10GB,120,,,
11,"Li N et al., ""High-throughput sequencing analysis of bacterial community composition and quality characteristics in refrigerated pork during storage."", Food Microbiol, 2019 Oct;83:86-94",doi: 10.1016/j.fm.2019.04.013.,Guangzhou,China,East Asia,V3-V4,,,,,Pork,Raw,N,Fresh Pork,NCBI,PRJNA505869,,Illumina,7GB,90,,,
12,Regan Nitrite Ham,,Nebraska,USA,Canada and the United States,V4,,,,,Pork,RTE,N,Sliced Ham,NCBI,PRJNA722980,,Illumina,7GB,,,,
13,Sequencing of 16S rRNA amplicons tp understand microbiological contamination of beef carcases and products in the boning room of two Australian beef export abattoirs.,https://doi.org/10.1016/j.ijfoodmicro.2020.108779,Curtin,Australia,Austrailia and the Pacific,V4,,,,,Facility and Beef,Raw,N,Beef carcass,NCBI,PRJEB35525,,Illumina,7GB,360,,,
14,Analysis of microbiome in raw chicken meat from butcher shops and packaged products in South Korea to detect the potential risk of foodborne illness,https://doi.org/10.1016/j.foodres.2019.05.032,,Korea,East Asia,V1-V3,,,,,Poultry,Raw,Salmonella inoc. On some,Chicken Broilers,NCBI,PRJEB32444,,Illumina,138GB?,64?,,,
15,Effects of different storage temperatures on the physicochemical properties and bacterial community structure of fresh lamb meat,https://doi.org/10.5851/kosfa.2021.e15,,China,East Asia,V3-V4,,,,,Lamb,Raw,N,Lamb longissmus,NCBI,PRJNA700819,,Illumina,3GB,90,,,
16,Characterization of the microbiota of pork loins during dry-aging,https://doi.org/10.1002/mbo3.1157,Tokyo,Japan,East Asia,V3-V4,,,,,Pork,Raw,Dry-aged,Dry aged pork longissmus surface,NCBI,PRJDB10867,,Illumina,2GB,9,,,
17,"Air versus Water Chilling of Chicken: a Pilot Study of Quality, Shelf-Life, Microbial Ecology, and Economics",DOI: 10.1128/mSystems.00912-20,Davis,California,Canada and the United States,V4,,,,,Poultry,Raw,N,Chicken Broilers,NCBI,PRJEB41700,,Illumina,1,286,,,
18,Spatiotemporal Distribution of the Environmental Microbiota in Food Processing Plants as Impacted by Cleaning and Sanitizing Procedures: The Case of Slaughterhouses and Gaseous Ozone,DOI: 10.1128/AEM.01861-20,Piedmont,Italy,Europe,V3-V4,,,,,"Facility, Red meat???",Raw???,N,,NCBI,PRJNA629433,,Illumina,19GB?,291?,,,
19,"Microbiota in foods from Inuit traditional hunting
",https://doi.org/10.1371/journal.pone.0227819,Kangerlussuaq,Greenland,Canada and the United States,V3,,,66.70°N,-51.44°W,Game,Raw/RTE,N,"Dried Muskox, caribou",NCBI,PRJNA556366,,Illumina,483Mb,32,,,
20,Metataxonomic profiling of bacterial communities and their predictive functional profiles in traditionally preserved meat products of Sikkim state in India,https://doi.org/10.1016/j.foodres.2020.110002,"beef kargyong (3 samples) and pork kargyong (3 samples) were collected from different local markets (Gangtok, Namchi and Geyzing) in Sikkim in India, and yak satchu (3 samples) and khyopeh (3 samples) were collected from different households in Lachen and Lachung regions of North Sikkim","Sikkim, India",South Asia,V3-V4,,,,,"Beef, Pork, Yak",RTE,Y,"beef kargyong, pork kargyong, yak satchu and khyopeh",NCBI,PRJNA555473,,Illumina,1GB?,4,,,
21,16S rRNA from bushmeat samples (multispecies) collected from Tanzania Metagenome,doi: 10.1038/s41598-019-53969-7,Serengeti National Park,Tanzania,Subsaharan Africa,V4,,,01°50′S ,34°40′E,Game,Raw/RTE,N,"wildebeest (Connochaetes taurinus, n = 27), buffalo (Syncerus caffer, n = 16), as well as some less common wildlife species including eland (Tragelaphus oryx), Thomson’s Gazelle-gazelle (Eudorcas thomsonii), zebra (Equus burchellii quagga), giraffe (Giraffa camelopardalis), rabbit (Lepus microtis), sheep (Ovis aries), topi (Damaliscus korrigum), porcupine (Hystrix cristata), and warthog (Phacochoerus africanus) (total n = 13) ",NCBI,PRJNA477349,,Illumina,16GB,133,,,
22,"Characterization of a microbial community developing during refrigerated storage of vacuum packed Yao meat, a Chinese traditional food",https://doi.org/10.1016/j.lwt.2018.01.005,Nanjing,China,East Asia,V4-V5,,,,,Pork,RTE,N,Yao (salted pork in jelly),NCBI,PRJNA408222,,Illumina,360Mb,15,,,
23,Effect of peroxyacetic acid spray and storage temperature on the microbiota and sensory properties of vacuum packed subprimal cuts,DOI: 10.1128/AEM.03143-20,"Lacombe, Alberta",Canada,Canada and the United States,V4,,,,,Beef,Raw,N,Ribeye,NCBI,PRJNA713837,,Illumina,3GB,138,,,
24,Chad Retail Ham,,Nebraska,USA,Canada and the United States,V4,,,,,Pork,RTE,N,Sliced Ham,NCBI,PRJNA722526,,Illumina,,,,,
25,Analyses of the Bacterial Contamination on Belgian Broiler Carcasses at Retail Level,https://doi.org/10.3389/fmicb.2020.539540,Ghent,Belgium,Europe,V3-V4,,,,,Poultry,Raw,N,Chicken Broilers,NCBI,PRJNA635448,,Illumina,6GB,108,,,
26,Effect of modified atmosphere packaging on shelf life and bacterial community of roast duck meat,https://doi.org/10.1016/j.foodres.2020.109645,Tai'an,china,East Asia,V3-V4,,,,,Poultry,RTE,N,Duck Legs,NCBI,PRJNA625825,,Illumina,1GB,33,,,
27,Metagenomic Characterization of the Microbiome and Resistome of Retail Ground Beef Products,https://doi.org/10.3389/fmicb.2020.541972,fort collins,"colorado, USA",Canada and the United States,V4,,,,,Beef,Raw,N,Ground beef,NCBI,PRJNA608954,,Illumina,413GB?,48,,,
28,"Effect of abattoir, livestock species and storage temperature on bacterial community dynamics and sensory properties of vacuum packaged red meat",https://doi.org/10.1016/j.fm.2020.103648,"Tasmania, Eastern Queensland, South Australia, New South Wales",Australia,Austrailia and the Pacific,V1-V3?,,,,,"Beef, Lamb",Raw,N,"Beef striploins, boneless lamb shoulders",NCBI,PRJNA580325,,Illumina,23GB,220,,27F 5′AGAGTTTGATCMTGGCTCAG3’,519R 5′GWATTACCG CGGCKGCTG3
29,Analysis of Myoglobin Stability and Bacterial Community Diversity in Sheep Chop Rolls during Storage,DOI: 10.1007/s00284-020-01873-z ,Harbin,China,East Asia,V3-V4,,,,,Sheep,Raw,N,Mutton rolls,NCBI,PRJNA559460,,Illumina,1GB,3,,,
30,Shelf-life and microbial community dynamics of vacuum packaged beef during long term super-chilled storage+metagenome,DOI: 10.1016/j.foodres.2019.108937,Inner Mongolia and Shandong,China,East Asia,V3-V4,,,,,Beef,Raw,N,Beef longissmus,NCBI,PRJNA542250,,Illumina,2GB,70,,,
31,Microbiota of sliced cooked ham packaged in modified atmosphere throughout the shelf life: Microbiota of sliced cooked ham in MAP,https://doi.org/10.1016/j.ijfoodmicro.2018.09.017,,"France, Spain, Italy, Germany",Europe,V3-V4,,,,,Pork,RTE,N,Cooked Ham,NCBI,PRJEB24662,,Illumina,2GB,33,,,
32,Metagenomic characterization of bacterial community and antibiotic resistance genes in representative ready-to-eat food in southern China,https://doi.org/10.1038/s41598-020-72620-4,Guangzhou,China,East Asia,???,,,,,"Pork, Poultry",RTE,N,"roast pork, roast duck, roast chicken",ENA,PRJEB33440,,Illumina,165GB?,24?,,,
33,Investigation of the anaerobic microbiota of beef carcass and rump steak cuts from five meat plants using high- throughput sequencing ,Preprint,Teagasc,Ireland,Europe,,,,,,Beef,Raw,N,Vacuum packaged beef and carcass,NCBI,PRJEB43198,,Illumina,4GB,240,,,
,,,,,,,,,,,,,,,,,,,,,,,
,,,,,,,,,,,,,,,,,,,,,,,
12,Microbiological quality of high-demand foods from three major cities in Ecuador,https://doi.org/10.4315/JFP-20-271,"Quito, Guayaquil, and Cuenca",Ecuador,South America,V3-V4,,,,,"Poultry, Beef",Raw,N,"Raw Chicken, Ground Beef",NCBI,PRJNA629846,,Illumina,7GB,3?,,,
24,From Pig Breeding Environment to Subsequently Produced Pork: Comparative Analysis of Antibiotic Resistance Genes and Bacterial Community Composition,https://doi.org/10.3389/fmicb.2019.00043,Xiamen,China,East Asia,V3,,,24.51 N,117.59E,Pork,Raw,N,Fresh Pork,NCBI,PRJNA640717 (maybe),,Illumina,,,,,